"id","offer_name","click_url","app_id"
"100000108","Delta exchange-UA-CPA-aos-IN-kivi","http://click.giveawaygo.com/click?offer_id=6000018&aff_id=570&sub1={transaction_id}","com.deltaexchangeindia"
"100000111","McDo Riyadh-UA-CPI-ios-SA-affcope","https://affliscopeads10736060.o18a.com/c?o=21666430&m=23682&a=638934&aff_click_id={transaction_id}&sub_aff_id={affiliate_sub_id}&device_id={idfa}&ip_address={ip}","1217507712"
"100000112","McDo Riyadh-UA-CPI-ios-SA-affcope","https://affliscopeads10736060.o18a.com/c?o=21666430&m=23682&a=638934&aff_click_id={transaction_id}&sub_aff_id={affiliate_sub_id}&device_id={idfa}&ip_address={ip}","1217507712"
"100000113","McDo Riyadh-UA-CPI-ios-SA-affcope","https://affliscopeads10736060.o18a.com/c?o=21666430&m=23682&a=638934&aff_click_id={transaction_id}&sub_aff_id={affiliate_sub_id}&device_id={idfa}&ip_address={ip}","1217507712"
"100000114","MoneyView-UA-CPA-aos-IN-kivi","http://click.giveawaygo.com/click?offer_id=6000021&aff_id=570&sub1={transaction_id}","com.whizdm.moneyview.loans"
"100000115","VtMarkets-UA-CPA-aos-FR-kivi","http://click.giveawaygo.com/click?offer_id=6000028&aff_id=570&sub1={transaction_id}","cn.com.vtmarkets"
"100000116","Mbmobile-UA-CPA-aos-IN-dolemobi","https://dolemobile.gotrackier.com/click?campaign_id=135&pub_id=93&p1={transaction_id}&source={affiliate_sub_id}&idfa={idfa}&gaid={gaid}","com.mbmobile"
"100000126","Swiggy food-RT-CPA-aos-IN-alps","https://app.appsflyer.com/in.swiggy.android?pid=aquamandr_int&af_siteid={aff}&c=perf_instamart_TU_DU_adsjoy_aquamandr&is_retargeting=true&af_reengagement_window=1d&af_inactivity_window=3d&af_click_lookback=1h&clickid={transaction_id}&advertising_id={gaid}&android_id={android_id}&idfa={idfa}&idfv={idfv}&af_prt=volaad","in.swiggy.android"
"100000127","Delta Exchange-UA-CPA-ios-IN-alps","https://click.trackier.io/c/bF8ZmnqvVw?camp=Abh&pid=u9zxWVaO1D&lbw=24h&agid=e8euv8DKqQ&click_id={transaction_id}&android_id ={android_id}&mac={model_name}&idfa={idfa}&idfv={idfv}&gaid={gaid}","6478332344"
"100000152","Vaaree-UA-CPA-aos-IN-dolemobi","https://click.trackier.io/c/zO0BWVed8x?pid=u9zxWVaO1D&lbw=7d&agid=9Plhsi0n4p&click_id={transaction_id}&idfa={idfa}&gaid={gaid}&camp={offer_name}&camp_id={offer_id}&site_id={aff}&sub_site_id={affiliate_sub_id}","com.coffye.gnvaib"
"100000153","MSB mBank-UA-CPA-ios-VN-dolemobi","https://app.appsflyer.com/id436134873?pid=wlymlimitde_int&af_siteid={aff}&c=MBD_CPA&af_c_id=BD_DLMBI&af_click_lookback=7d&af_ip={ip}&af_ua={ua}&clickid={transaction_id}&advertising_id={gaid}&android_id={android_id}&idfa={idfa}&idfv={idfv}&is_incentivized=false&af_prt=bidroidagency2","436134873"
"100000154","MSB mBank-UA-CPA-ios-VN-dolemobi","https://app.appsflyer.com/id436134873?pid=gyingmi_int&af_siteid={aff}&c=MBD_CPA&af_c_id=BD_DLMBI&af_click_lookback=7d&af_ip={ip}&af_ua={ua}&clickid={transaction_id}&advertising_id={gaid}&android_id={android_id}&idfa={idfa}&idfv={idfv}&is_incentivized=false&af_prt=bidroidagency2","436134873"
"100000155","MSB mBank-UA-CPA-ios-VN-dolemobi","https://app.appsflyer.com/id436134873?pid=cymtechka_int&af_siteid={aff}&c=MBD_CPA&af_c_id=BD_DLMBI&af_click_lookback=7d&af_ip={ip}&af_ua={ua}&clickid={transaction_id}&advertising_id={gaid}&android_id={android_id}&idfa={idfa}&idfv={idfv}&is_incentivized=false&af_prt=bidroidagency2","436134873"
"100000160","MSB- IOS-UA-CPA-ios-VN-dolemobi_0710","https://app.appsflyer.com/id436134873?pid=pictoomedmp_int&af_siteid={aff}&c=MBD_CPA&af_c_id=BD_BlazeMobi&af_click_lookback=7d&clickid={transaction_id}&advertising_id={gaid}&android_id={android_id}&idfa={idfa}&idfv={idfv}&af_prt=bidroidagency2","436134873"
"100000170","Swiggy_Aos(IN)_UA/RT_valueleaf_0710","https://app.appsflyer.com/in.swiggy.android?pid=aquamandr_int&af_siteid={pub_id}&c=perf_IM_nu_Valueleaf_aquamandr_July'25&af_sub_siteid=site_id&af_ad_id={offer_id}&deep_link_value=swiggy://stores/instamart&is_retargeting=true&af_reengagement_window=1d&af_inactivity_window=2d&af_click_lookback=1h&clickid={transaction_id}&advertising_id={gaid}&android_id={android_id}&idfa={idfa}&idfv={idfv}&af_prt=valueleaf","in.swiggy.android"
"100000198","Bamboo-UA-CPA-aos-ZA-digitar","https://investbamboo.go.link?adj_t=1prcgf67&adj_campaign=DIGI_AOS_Bamboo&adj_adgroup=DIGI_Vserv_DM00DOL_{affiliate_sub_id}&adj_gps_adid={gaid}&adj_idfa={idfa}&idfv={idfv}&adj_user_agent={ua}&adj_ip_address={ip}&adj_install_callback=http%3A%2F%2Fpb.datumobi.com%2Fpb%2Flsr%3Ftransaction_id%3D{transaction_id}&adj_rejected_install_callback=http%3A%2F%2Fpb.datumobi.com%2Fpb%2Flsr%3Ftransaction_id%3D{transaction_id}%26%26rej_rea%3D%7Brejection_reason%7D&adj_event_callback_5b9iu0=http%3A%2F%2Fpb.datumobi.com%2Fpb%2Fevent_notify%3Ftransaction_id%3D{transaction_id}%26v%3D5b9iu0&test=yes","com.invest.bamboo"
"100000199","1xbet_0715-UA-CPA-aos-MY-bidroid","https://app.appsflyer.com/org.xbet.client1-Custom?pid=aquamandr_int&af_siteid={aff}&c=d_4151347m_27409c_MY__[]general[]_d158123_l198601_banner_DoleMobi&tag=d_4151347m_27409c_MY__[]general[]_d158123_l198601_banner_DoleMobi&af_click_lookback=7d&clickid={transaction_id}&advertising_id={gaid}&android_id={android_id}&idfa={idfa}&idfv={idfv}&af_prt=bidroidagency2 https://app.appsflyer.com/org.xbet.client1-Custom?pid=aquamandr_int&af_siteid={aff}&c=d_4151347m_27409c_MY__[]general[]_d158123_l198601_banner_DoleMobi&tag=d_4151347m_27409c_MY__[]general[]_d158123_l198601_banner_DoleMobi&af_click_lookback=7d&clickid={transaction_id}&advertising_id={gaid}&android_id={android_id}&idfa={idfa}&idfv={idfv}&af_prt=bidroidagency2","org.xbet.client1-Custom"
"100000200","1xbet_0715-UA-CPA-aos-IN-bidroid","https://app.appsflyer.com/org.xbet.client1-Custom?pid=aquamandr_int&af_siteid={aff}&c= d_4151347m_27409c_IN__[]general[]_d158123_l190531_banner_Dolemobi&tag= d_4151347m_27409c_IN__[]general[]_d158123_l190531_banner_Dolemobi&af_click_lookback=7d&clickid={transaction_id}&advertising_id={gaid}&android_id={android_id}&idfa={idfa}&idfv={idfv}&af_prt=bidroidagency2","org.xbet.client1"
"100000201","1xbet_0715-UA-CPA-aos-PK-bidroid","https://app.appsflyer.com/org.xbet.client1-Custom?pid=aquamandr_int&af_siteid={aff}&c=d_4151347m_27409c_PK__[]general[]_d158123_l188058_banner_Dolemobi&tag=d_4151347m_27409c_PK__[]general[]_d158123_l188058_banner_Dolemobi&af_click_lookback=7d&clickid={transaction_id}&advertising_id={gaid}&android_id={android_id}&idfa={idfa}&idfv={idfv}&af_prt=bidroidagency2","org.xbet.client1"
"100000221","10CRIC-UA-CPA-aos-IN-leanmobi","https://10cric.go.link/?utm_source=cx-35313_376754&utm_medium=affiliate&utm_campaign=apk2&adj_t=1pimo6fe&adj_redirect=https%3A%2F%2F10cricclub.com%2Fmedia%2Fbuild%2F10CRIC%2Fandroid%2Fapp_latest.apk%3Futm_source%3Dcx-35313_376754&utm_medium=affiliate&utm_campaign=apk2&adj_adgroup=329_{aff}&adj_c=LIN&adj_os_name={os}&adj_click_id={transaction_id}&adj_android_id={android_id}&adj_idfv={idfv}&adj_idfa={idfa}&adj_gps_adid={gaid}&adj_ip_address={ip}&adj_rejected_install_callback=http%3A%2F%2F{adjust_domain}%2Fpb%2Flsr%3Ftransaction_id%3D{transaction_id}%26idfa%3D{c_idfa}%26gaid%3D{c_gaid}%26is_rejected%3D1%26block_reason%3D{rejection_reason}%26block_sub_reason%3Dpa&adj_install_callback=http%3A%2F%2F{adjust_domain}%2Fpb%2Flsr%3Ftransaction_id%3D{transaction_id}%26idfa%3D{c_idfa}%26gaid%3D{c_gaid}&adj_event_callback_wbvo7r=http%3A%2F%2F{adjust_domain}%2Fpb%2Fevent_notify%3Ftransaction_id%3D{transaction_id}%26idfa%3D{c_idfa}%26gaid%3D{c_gaid}%26event_name%3Dwbvo7r&adj_event_callback_cvjf64=http%3A%2F%2F{adjust_domain}%2Fpb%2Fevent_notify%3Ftransaction_id%3D{transaction_id}%26idfa%3D{c_idfa}%26gaid%3D{c_gaid}%26event_name%3Dcvjf64","10cric"
"100000240","Evest-UA-CPA-ios-SA-vm","https://evest.onelink.me/o6qP?pid=gyingmi_int&af_siteid={af_siteid}&c={campaign_name}&af_sub_siteid={af_sub_siteid}&af_c_id={af_c_id}&af_adset={af_adset}&af_ad={af_ad}&af_channel={af_channel}&af_ad_type={af_ad_type}&utm_source=mobile_agency&chan=Virgilmedia&utm_campaign=VM_hdl&placement=banner&crtv={creative_name}&af_click_lookback=7d&af_ip={ip}&af_ua={ua}&clickid={transaction_id}&advertising_id={gaid}&android_id={android_id}&idfa={idfa}&idfv={idfv}&is_incentivized=false&af_prt=virgilmedia&affiliate_id=40306%7Ccampaign_id%3D136212%7Cpartner_id%3Dc1a486dd6c8f128d0be36f669aa221fe&tls=yes","1560191184"
"100000242","MultiBank.io-UA-CPI-aos-AE-dolemobi","https://app.adjust.com/1qtks5ul?campaign=WM_MBG&adgroup=IAZ&creative=IAZ_1241","com.multibank.app"
"100000266","SNACC-UA-CPA-aos-IN-dolemobi-0723","https://app.appsflyer.com/in.swiggy.android.pop?pid=pictoomedmp_int&af_siteid={aff}&c=perf_snacc_nu_collectcent_pictoomedmp_int&af_click_lookback=7d&clickid={transaction_id}&advertising_id={gaid}&android_id={android_id}&idfa={idfa}&idfv={idfv}&af_prt=collectcentagency","in.swiggy.android.pop"
"100000276","Fair Money_0724-UA-CPA-aos-NG-lead","https://app.adjust.com/1q4q9cua?campaign=ADM&adgroup=ADL1&creative=40_VSL_2000%7Bcreative_id%7D&os_name={os}&click_id={transaction_id}&android_id={android_id}&idfv={idfv}&idfa={idfa}&gps_adid={gaid}&ip_address={ip}&rejected_install_callback=http%3A%2F%2F{adjust_domain}%2Fpb%2Flsr%3Ftransaction_id%3D{transaction_id}%26idfa%3D{c_idfa}%26gaid%3D{c_gaid}%26is_rejected%3D1%26block_reason%3D{rejection_reason}%26block_sub_reason%3Dpa&install_callback=http%3A%2F%2F{adjust_domain}%2Fpb%2Flsr%3Ftransaction_id%3D{transaction_id}%26idfa%3D{c_idfa}%26gaid%3D{c_gaid}&event_callback_wbvo7r=http%3A%2F%2F{adjust_domain}%2Fpb%2Fevent_notify%3Ftransaction_id%3D{transaction_id}%26idfa%3D{c_idfa}%26gaid%3D{c_gaid}%26event_name%3Dwbvo7r&event_callback_6s3jtj=http%3A%2F%2F{adjust_domain}%2Fpb%2Fevent_notify%3Ftransaction_id%3D{transaction_id}%26idfa%3D{c_idfa}%26gaid%3D{c_gaid}%26event_name%3D6s3jtj","ng.com.fairmoney.fairmoney"
"100000277","Gate.io-UA-CPA-aos-CN-gate.io-0724","https://impressions.onelink.me/dEaj?pid=adbridgeld_int&af_siteid={aff}&c=2xDkakLI&af_sub_siteid={affiliate_sub_id}&af_c_id={offer_id}&is_retargeting=true&af_dp=gatelink%3A%2F%2Fcom.gateio.app&af_reengagement_window=30d&af_inactivity_window=7d&af_viewthrough_lookback=24h&clickid={transaction_id}&advertising_id={gaid}&android_id={android_id}&idfa={idfa}&idfv={idfv}&af_prt=xygamecn681&af_xplatform=true&af_xplatform_vt_lookback=72h","com.gateio.gateio"
"100000282","Gate.io-UA-CPA-aos-PK-gate.io","https://impressions.onelink.me/dEaj?pid=adbridgeld_int&af_siteid={aff}&c=2xDkakLI&af_sub_siteid={affiliate_sub_id}&af_c_id={offer_id}&is_retargeting=true&af_dp=gatelink%3A%2F%2Fcom.gateio.app&af_reengagement_window=30d&af_inactivity_window=7d&af_viewthrough_lookback=24h&clickid={transaction_id}&advertising_id={gaid}&android_id={android_id}&idfa={idfa}&idfv={idfv}&af_prt=xygamecn681&af_xplatform=true&af_xplatform_vt_lookback=72h","com.gateio.gateio"
"100000283","Gate.io-UA-CPA-aos-ID-gate.io","https://impressions.onelink.me/dEaj?pid=adbridgeld_int&af_siteid={aff}&c=2xDkakLI&af_sub_siteid={affiliate_sub_id}&af_c_id={offer_id}&is_retargeting=true&af_dp=gatelink%3A%2F%2Fcom.gateio.app&af_reengagement_window=30d&af_inactivity_window=7d&af_viewthrough_lookback=24h&clickid={transaction_id}&advertising_id={gaid}&android_id={android_id}&idfa={idfa}&idfv={idfv}&af_prt=xygamecn681&af_xplatform=true&af_xplatform_vt_lookback=72h","com.gateio.gateio"
"100000284","Gate.io-UA-CPA-aos-KR-gate.io","https://impressions.onelink.me/dEaj?pid=adbridgeld_int&af_siteid={aff}&c=2xDkakLI&af_sub_siteid={affiliate_sub_id}&af_c_id={offer_id}&is_retargeting=true&af_dp=gatelink%3A%2F%2Fcom.gateio.app&af_reengagement_window=30d&af_inactivity_window=7d&af_viewthrough_lookback=24h&clickid={transaction_id}&advertising_id={gaid}&android_id={android_id}&idfa={idfa}&idfv={idfv}&af_prt=xygamecn681&af_xplatform=true&af_xplatform_vt_lookback=72h","com.gateio.gateio"
"100000285","Gate.io-UA-CPA-aos-RU-gate.io","https://impressions.onelink.me/dEaj?pid=adbridgeld_int&af_siteid={aff}&c=2xDkakLI&af_sub_siteid={affiliate_sub_id}&af_c_id={offer_id}&is_retargeting=true&af_dp=gatelink%3A%2F%2Fcom.gateio.app&af_reengagement_window=30d&af_inactivity_window=7d&af_viewthrough_lookback=24h&clickid={transaction_id}&advertising_id={gaid}&android_id={android_id}&idfa={idfa}&idfv={idfv}&af_prt=xygamecn681&af_xplatform=true&af_xplatform_vt_lookback=72h","com.gateio.gateio"
"100000287","Gate.io-UA-CPA-ios-PK-gate.io","https://impressions.onelink.me/dEaj?pid=adbridgeld_int&af_siteid={aff}&c=2xDkakLI&af_sub_siteid={affiliate_sub_id}&af_c_id={offer_id}&is_retargeting=true&af_dp=gatelink%3A%2F%2Fcom.gateio.app&af_reengagement_window=30d&af_inactivity_window=7d&af_viewthrough_lookback=24h&clickid={transaction_id}&advertising_id={gaid}&android_id={android_id}&idfa={idfa}&idfv={idfv}&af_prt=xygamecn681&af_xplatform=true&af_xplatform_vt_lookback=72h","1294998195"
"100000292","Gate.io-UA-CPA-ios-KR-gate.io","https://impressions.onelink.me/dEaj?pid=adbridgeld_int&af_siteid={aff}&c=2xDkakLI&af_sub_siteid={affiliate_sub_id}&af_c_id={offer_id}&is_retargeting=true&af_dp=gatelink%3A%2F%2Fcom.gateio.app&af_reengagement_window=30d&af_inactivity_window=7d&af_viewthrough_lookback=24h&clickid={transaction_id}&advertising_id={gaid}&android_id={android_id}&idfa={idfa}&idfv={idfv}&af_prt=xygamecn681&af_xplatform=true&af_xplatform_vt_lookback=72h","1294998195"
"100000293","Gate.io-UA-CPA-ios-TR-gate.io","https://impressions.onelink.me/dEaj?pid=adbridgeld_int&af_siteid={aff}&c=2xDkakLI&af_sub_siteid={affiliate_sub_id}&af_c_id={offer_id}&is_retargeting=true&af_dp=gatelink%3A%2F%2Fcom.gateio.app&af_reengagement_window=30d&af_inactivity_window=7d&af_viewthrough_lookback=24h&clickid={transaction_id}&advertising_id={gaid}&android_id={android_id}&idfa={idfa}&idfv={idfv}&af_prt=xygamecn681&af_xplatform=true&af_xplatform_vt_lookback=72h","1294998195"
"100000294","Gate.io-UA-CPA-ios-HK-gate.io","https://impressions.onelink.me/dEaj?pid=adbridgeld_int&af_siteid={aff}&c=2xDkakLI&af_sub_siteid={affiliate_sub_id}&af_c_id={offer_id}&is_retargeting=true&af_dp=gatelink%3A%2F%2Fcom.gateio.app&af_reengagement_window=30d&af_inactivity_window=7d&af_viewthrough_lookback=24h&clickid={transaction_id}&advertising_id={gaid}&android_id={android_id}&idfa={idfa}&idfv={idfv}&af_prt=xygamecn681&af_xplatform=true&af_xplatform_vt_lookback=72h","1294998195"
"100000295","Gate.io-UA-CPA-ios-RU-gate.io","https://impressions.onelink.me/dEaj?pid=adbridgeld_int&af_siteid={aff}&c=2xDkakLI&af_sub_siteid={affiliate_sub_id}&af_c_id={offer_id}&is_retargeting=true&af_dp=gatelink%3A%2F%2Fcom.gateio.app&af_reengagement_window=30d&af_inactivity_window=7d&af_viewthrough_lookback=24h&clickid={transaction_id}&advertising_id={gaid}&android_id={android_id}&idfa={idfa}&idfv={idfv}&af_prt=xygamecn681&af_xplatform=true&af_xplatform_vt_lookback=72h","1294998195"
"100000296","ImagineArt-UA-CPA-ios-DE-iavatarz","https://jsqj.adj.st/?adj_t=1qaqx2ir&adj_adgroup=Ultra_3148&adj_creative=3_1241_DL-0725&adj_os_name={os}&adj_click_id={transaction_id}&adj_android_id={android_id}&adj_idfv={idfv}&adj_idfa={idfa}&adj_gps_adid={gaid}&adj_ip_address={ip}&adj_rejected_install_callback=http://{adjust_domain}/pb/lsr?transaction_id={transaction_id}&idfa={c_idfa}&gaid={c_gaid}&is_rejected=1&block_reason={rejection_reason}&block_sub_reason=pa&adj_install_callback=http://{adjust_domain}/pb/lsr?transaction_id={transaction_id}&idfa={c_idfa}&gaid={c_gaid}&adj_event_callback_pqo3bh=http://{adjust_domain}/pb/event_notify?transaction_id={transaction_id}&idfa={c_idfa}&gaid={c_gaid}&event_name=pqo3bh","1664121419"
"100000298","Heetch-UA-CPA-aos-FR-16ads_0728_VTA","https://view.adjust.com/impression/1egfq9wz?campaign=Adwake_FR_1712_d&adgroup=EFO_AOS_Vserv_ELO_16&os_name={os}&click_id={transaction_id}&android_id={android_id}&idfv={idfv}&idfa={idfa}&gps_adid={gaid}&ip_address={ip}&rejected_install_callback=http%3A%2F%2F{adjust_domain}%2Fpb%2Flsr%3Ftransaction_id%3D{transaction_id}%26idfa%3D{c_idfa}%26gaid%3D{c_gaid}%26is_rejected%3D1%26block_reason%3D{rejection_reason}%26block_sub_reason%3Dpa&install_callback=http%3A%2F%2F{adjust_domain}%2Fpb%2Flsr%3Ftransaction_id%3D{transaction_id}%26idfa%3D{c_idfa}%26gaid%3D{c_gaid}&event_callback_qrttcc=http%3A%2F%2F{adjust_domain}%2Fpb%2Fevent_notify%3Ftransaction_id%3D{transaction_id}%26idfa%3D{c_idfa}%26gaid%3D{c_gaid}%26event_name%3Dqrttcc","com.heetch"
"100000299","Heetch-UA-CPA-aos-FR-16ads_0728_CTA","https://app.adjust.com/1egfq9wz?campaign=Adwake_FR_1712_d&adgroup=EFO_AOS_Vserv_ELO_16&os_name={os}&click_id={transaction_id}&android_id={android_id}&idfv={idfv}&idfa={idfa}&gps_adid={gaid}&ip_address={ip}&rejected_install_callback=http%3A%2F%2F{adjust_domain}%2Fpb%2Flsr%3Ftransaction_id%3D{transaction_id}%26idfa%3D{c_idfa}%26gaid%3D{c_gaid}%26is_rejected%3D1%26block_reason%3D{rejection_reason}%26block_sub_reason%3Dpa&install_callback=http%3A%2F%2F{adjust_domain}%2Fpb%2Flsr%3Ftransaction_id%3D{transaction_id}%26idfa%3D{c_idfa}%26gaid%3D{c_gaid}&event_callback_qrttcc=http%3A%2F%2F{adjust_domain}%2Fpb%2Fevent_notify%3Ftransaction_id%3D{transaction_id}%26idfa%3D{c_idfa}%26gaid%3D{c_gaid}%26event_name%3Dqrttcc","com.heetch"
"100000300","BE-UA-CPA-aos-VN-dolemobi","https://app.appsflyer.com/xyz.be.customer?pid=theflashfc_int&af_siteid={subid}_{subid2}&c=ADSFLOURISH_AGENCY_CPA_UA_MNKV&af_sub_siteid={subid2}&af_ad={offer_id}&af_ad_id={creative_id}&af_adset={ad_type}_{geo}&af_ad_type={ad_type}&af_sub5=16&af_click_lookback=7d&af_ip={ip}&af_lang={lang}&af_ua={ua}&clickid={click_id}&advertising_id={gaid}&is_incentivized=false&af_prt=credworldain543","xyz.be.customer"
"100000301","BE-UA-CPA-aos-VN-dolemobi","https://app.appsflyer.com/xyz.be.customer?pid=theflashfc_int&af_siteid={subid}_{subid2}&c=ADSFLOURISH_AGENCY_CPA_UA_MNKV&af_sub_siteid={subid2}&af_ad={offer_id}&af_ad_id={creative_id}&af_adset={ad_type}_{geo}&af_ad_type={ad_type}&af_sub5=16&af_click_lookback=7d&af_ip={ip}&af_lang={lang}&af_ua={ua}&clickid={click_id}&advertising_id={gaid}&is_incentivized=false&af_prt=credworldain543","xyz.be.customer"
"100000302","be-UA-CPA-aos-VN-arkana","https://app.appsflyer.com/xyz.be.customer?pid=theflashfc_int&af_siteid={subid}_{subid2}&c=ADSFLOURISH_AGENCY_CPA_UA_MNKV&af_sub_siteid={subid2}&af_ad={offer_id}&af_ad_id={creative_id}&af_adset={ad_type}_{geo}&af_ad_type={ad_type}&af_sub5=16&af_click_lookback=7d&af_ip={ip}&af_lang={lang}&af_ua={ua}&clickid={click_id}&advertising_id={gaid}&is_incentivized=false&af_prt=credworldain543","xyz.be.customer"
"100000310","Alliance-UA-CPA-ios-UA-litchi","https://bankalliance.go.link/?adj_t=1pf23r88&adj_campaign=newage_mobfinity_OS_17&adj_adgroup=MFA_RA_DT_{aff}&adj_creative=Kreo&adj_fallback=https://alb.ua/&adj_redirect_macos=https://alb.ua/&adj_os_name={os}&adj_click_id={transaction_id}&adj_android_id={android_id}&adj_idfv={idfv}&adj_idfa={idfa}&adj_gps_adid={gaid}&adj_ip_address={ip}&adj_rejected_install_callback=http://{adjust_domain}/pb/lsr?transaction_id={transaction_id}&idfa={idfa}&gaid={gaid}&is_rejected=1&block_reason={rejection_reason}&block_sub_reason=pa&adj_install_callback=http://{adjust_domain}/pb/lsr?transaction_id={transaction_id}&idfa={idfa}&gaid={gaid}&adj_event_callback_ngbnsx=http://{adjust_domain}/pb/event_notify?transaction_id={transaction_id}&idfa={idfa}&gaid={gaid}&event_name=ngbnsx","1556455360"
"100000311","Alliance-UA-CPA-aos-UA-litchi","https://bankalliance.go.link/?adj_t=1pf23r88&adj_campaign=newage_mobfinity_OS_17&adj_adgroup=MFA_RA_DT_{aff}&adj_creative=Kreo&adj_fallback=https://alb.ua/&adj_redirect_macos=https://alb.ua/&adj_os_name={os}&adj_click_id={transaction_id}&adj_android_id={android_id}&adj_idfv={idfv}&adj_idfa={idfa}&adj_gps_adid={gaid}&adj_ip_address={ip}&adj_rejected_install_callback=http://{adjust_domain}/pb/lsr?transaction_id={transaction_id}&idfa={idfa}&gaid={gaid}&is_rejected=1&block_reason={rejection_reason}&block_sub_reason=pa&adj_install_callback=http://{adjust_domain}/pb/lsr?transaction_id={transaction_id}&idfa={idfa}&gaid={gaid}&adj_event_callback_ngbnsx=http://{adjust_domain}/pb/event_notify?transaction_id={transaction_id}&idfa={idfa}&gaid={gaid}&event_name=ngbnsx","ua.monvel.bankalliance"
"100000313","CoinDCX-UA-CPA-aos-IN-riseup","https://coindcx.go.link?adj_t=1q494mzh&adj_campaign=CS_DSP_CoinDCX&adj_adgroup=CS_DSP_JS&adj_creative=DT_{aff}&adj_os_name={os}&adj_click_id={transaction_id}&adj_android_id={android_id}&adj_idfv={idfv}&adj_idfa={idfa}&adj_gps_adid={gaid}&adj_ip_address={ip}&adj_rejected_install_callback=http%3A%2F%2F{adjust_domain}%2Fpb%2Flsr%3Ftransaction_id%3D{transaction_id}%26idfa%3D{c_idfa}%26gaid%3D{c_gaid}%26is_rejected%3D1%26block_reason%3D{rejection_reason}%26block_sub_reason%3Dpa&adj_install_callback=http%3A%2F%2F{adjust_domain}%2Fpb%2Flsr%3Ftransaction_id%3D{transaction_id}%26idfa%3D{c_idfa}%26gaid%3D{c_gaid}&adj_event_callback_w42aa3=http%3A%2F%2F{adjust_domain}%2Fpb%2Fevent_notify%3Ftransaction_id%3D{transaction_id}%26idfa%3D{c_idfa}%26gaid%3D{c_gaid}%26event_name%3Dw42aa3","com.coindcx.btc"
"100000322","Betcity-UA-CPA-aos-RU-osaka","https://view.adjust.com/impression/1na19nib?campaign=Uffiliates_42226&adgroup=dl_{affiliate_sub_id}&os_name={os}&click_id={transaction_id}&android_id={android_id}&idfv={idfv}&idfa={idfa}&gps_adid={gaid}&ip_address={ip}&rejected_install_callback=http%3A%2F%2F{adjust_domain}%2Fpb%2Flsr%3Ftransaction_id%3D{transaction_id}%26idfa%3D{c_idfa}%26gaid%3D{c_gaid}%26is_rejected%3D1%26block_reason%3D{rejection_reason}%26block_sub_reason%3Dpa&install_callback=http%3A%2F%2F{adjust_domain}%2Fpb%2Flsr%3Ftransaction_id%3D{transaction_id}%26idfa%3D{c_idfa}%26gaid%3D{c_gaid}&event_callback_a5invi=http%3A%2F%2F{adjust_domain}%2Fpb%2Fevent_notify%3Ftransaction_id%3D{transaction_id}%26idfa%3D{c_idfa}%26gaid%3D{c_gaid}%26event_name%3Da5invi","ru.betcity"
"100000323","Betcity-UA-CPA-ios-RU-osaka","https://view.adjust.com/impression/1nsjwitd?campaign=Uffiliates_42226&&adgroup=dl_{affiliate_sub_id}&os_name={os}&click_id={transaction_id}&android_id={android_id}&idfv={idfv}&idfa={idfa}&gps_adid={gaid}&ip_address={ip}&rejected_install_callback=http%3A%2F%2F{adjust_domain}%2Fpb%2Flsr%3Ftransaction_id%3D{transaction_id}%26idfa%3D{c_idfa}%26gaid%3D{c_gaid}%26is_rejected%3D1%26block_reason%3D{rejection_reason}%26block_sub_reason%3Dpa&install_callback=http%3A%2F%2F{adjust_domain}%2Fpb%2Flsr%3Ftransaction_id%3D{transaction_id}%26idfa%3D{c_idfa}%26gaid%3D{c_gaid}&event_callback_jnvza3=http%3A%2F%2F{adjust_domain}%2Fpb%2Fevent_notify%3Ftransaction_id%3D{transaction_id}%26idfa%3D{c_idfa}%26gaid%3D{c_gaid}%26event_name%3Djnvza3","1491142951"
"100000324","Betcity-UA-CPA-aos-RU-osaka","https://view.adjust.com/impression/1nirhrg4?campaign=Uffiliates_22380&adgroup=DL_dl_{affiliate_sub_id}&os_name={os}&click_id={transaction_id}&android_id={android_id}&idfv={idfv}&idfa={idfa}&gps_adid={gaid}&ip_address={ip}&rejected_install_callback=http%3A%2F%2F{adjust_domain}%2Fpb%2Flsr%3Ftransaction_id%3D{transaction_id}%26idfa%3D{c_idfa}%26gaid%3D{c_gaid}%26is_rejected%3D1%26block_reason%3D{rejection_reason}%26block_sub_reason%3Dpa&install_callback=http%3A%2F%2F{adjust_domain}%2Fpb%2Flsr%3Ftransaction_id%3D{transaction_id}%26idfa%3D{c_idfa}%26gaid%3D{c_gaid}&event_callback_a5invi=http%3A%2F%2F{adjust_domain}%2Fpb%2Fevent_notify%3Ftransaction_id%3D{transaction_id}%26idfa%3D{c_idfa}%26gaid%3D{c_gaid}%26event_name%3Da5invi","ru.betcity"
"100000325","Betcity-UA-CPA-ios-RU-osaka","https://view.adjust.com/impression/1ne1m6vy?campaign=Uffiliates_22380&adgroup=_DL_dl_{affiliate_sub_id}&os_name={os}&click_id={transaction_id}&android_id={android_id}&idfv={idfv}&idfa={idfa}&gps_adid={gaid}&ip_address={ip}&rejected_install_callback=http%3A%2F%2F{adjust_domain}%2Fpb%2Flsr%3Ftransaction_id%3D{transaction_id}%26idfa%3D{c_idfa}%26gaid%3D{c_gaid}%26is_rejected%3D1%26block_reason%3D{rejection_reason}%26block_sub_reason%3Dpa&install_callback=http%3A%2F%2F{adjust_domain}%2Fpb%2Flsr%3Ftransaction_id%3D{transaction_id}%26idfa%3D{c_idfa}%26gaid%3D{c_gaid}&event_callback_jnvza3=http%3A%2F%2F{adjust_domain}%2Fpb%2Fevent_notify%3Ftransaction_id%3D{transaction_id}%26idfa%3D{c_idfa}%26gaid%3D{c_gaid}%26event_name%3Djnvza3","1491142951"
"100000331","Alliance-UA-CPA-aos-UA-osaka_VTA_0807","https://view.adjust.com/impression/1pe64hji?campaign=newage_mobfinity_OS_16&adgroup=DOLE&creative=Kreo&os_name={os}&click_id={transaction_id}&android_id={android_id}&idfv={idfv}&idfa={idfa}&gps_adid={gaid}&ip_address={ip}&fallback=https%3A%2F%2Falb.ua%2F&redirect_macos=https%3A%2F%2Falb.ua%2F&rejected_install_callback=http%3A%2F%2F{adjust_domain}%2Fpb%2Flsr%3Ftransaction_id%3D{transaction_id}%26idfa%3D{c_idfa}%26gaid%3D{c_gaid}%26is_rejected%3D1%26block_reason%3D{rejection_reason}%26block_sub_reason%3Dpa&install_callback=http%3A%2F%2F{adjust_domain}%2Fpb%2Flsr%3Ftransaction_id%3D{transaction_id}%26idfa%3D{c_idfa}%26gaid%3D{c_gaid}&event_callback_ngbnsx=http%3A%2F%2F{adjust_domain}%2Fpb%2Fevent_notify%3Ftransaction_id%3D{transaction_id}%26idfa%3D{c_idfa}%26gaid%3D{c_gaid}%26event_name%3Dngbnsx","ua.monvel.bankalliance"
"100000332","Alliance-UA-CPA-ios-UA-osaka_VTA_0807","https://view.adjust.com/impression/1pe64hji?campaign=newage_mobfinity_OS_16&adgroup=DOLE&creative=Kreo&os_name={os}&click_id={transaction_id}&android_id={android_id}&idfv={idfv}&idfa={idfa}&gps_adid={gaid}&ip_address={ip}&fallback=https%3A%2F%2Falb.ua%2F&redirect_macos=https%3A%2F%2Falb.ua%2F&rejected_install_callback=http%3A%2F%2F{adjust_domain}%2Fpb%2Flsr%3Ftransaction_id%3D{transaction_id}%26idfa%3D{c_idfa}%26gaid%3D{c_gaid}%26is_rejected%3D1%26block_reason%3D{rejection_reason}%26block_sub_reason%3Dpa&install_callback=http%3A%2F%2F{adjust_domain}%2Fpb%2Flsr%3Ftransaction_id%3D{transaction_id}%26idfa%3D{c_idfa}%26gaid%3D{c_gaid}&event_callback_ngbnsx=http%3A%2F%2F{adjust_domain}%2Fpb%2Fevent_notify%3Ftransaction_id%3D{transaction_id}%26idfa%3D{c_idfa}%26gaid%3D{c_gaid}%26event_name%3Dngbnsx","1556455360"
"100000333","Alliance-UA-CPA-aos-UA-osaka_CTA_0807","https://bankalliance.go.link?adj_t=1pe64hji&adj_campaign=newage_mobfinity_OS_16&adj_adgroup=DOLE&adj_creative=Kreo&adj_os_name={os}&adj_click_id={transaction_id}&adj_android_id={android_id}&adj_idfv={idfv}&adj_idfa={idfa}&adj_gps_adid={gaid}&adj_ip_address={ip}&adj_fallback=https%3A%2F%2Falb.ua%2F&adj_redirect_macos=https%3A%2F%2Falb.ua%2F&adj_rejected_install_callback=http%3A%2F%2F{adjust_domain}%2Fpb%2Flsr%3Ftransaction_id%3D{transaction_id}%26idfa%3D{c_idfa}%26gaid%3D{c_gaid}%26is_rejected%3D1%26block_reason%3D{rejection_reason}%26block_sub_reason%3Dpa&adj_install_callback=http%3A%2F%2F{adjust_domain}%2Fpb%2Flsr%3Ftransaction_id%3D{transaction_id}%26idfa%3D{c_idfa}%26gaid%3D{c_gaid}&adj_event_callback_ngbnsx=http%3A%2F%2F{adjust_domain}%2Fpb%2Fevent_notify%3Ftransaction_id%3D{transaction_id}%26idfa%3D{c_idfa}%26gaid%3D{c_gaid}%26event_name%3Dngbnsx","ua.monvel.bankalliance"
"100000334","Alliance-UA-CPA-ios-UA-osaka_C_0807","https://bankalliance.go.link?adj_t=1pe64hji&adj_campaign=newage_mobfinity_OS_16&adj_adgroup=DOLE&adj_creative=Kreo&adj_os_name={os}&adj_click_id={transaction_id}&adj_android_id={android_id}&adj_idfv={idfv}&adj_idfa={idfa}&adj_gps_adid={gaid}&adj_ip_address={ip}&adj_fallback=https%3A%2F%2Falb.ua%2F&adj_redirect_macos=https%3A%2F%2Falb.ua%2F&adj_rejected_install_callback=http%3A%2F%2F{adjust_domain}%2Fpb%2Flsr%3Ftransaction_id%3D{transaction_id}%26idfa%3D{c_idfa}%26gaid%3D{c_gaid}%26is_rejected%3D1%26block_reason%3D{rejection_reason}%26block_sub_reason%3Dpa&adj_install_callback=http%3A%2F%2F{adjust_domain}%2Fpb%2Flsr%3Ftransaction_id%3D{transaction_id}%26idfa%3D{c_idfa}%26gaid%3D{c_gaid}&adj_event_callback_ngbnsx=http%3A%2F%2F{adjust_domain}%2Fpb%2Fevent_notify%3Ftransaction_id%3D{transaction_id}%26idfa%3D{c_idfa}%26gaid%3D{c_gaid}%26event_name%3Dngbnsx","1556455360"
"100000341","SHEIN_0808-UA-CPA-aos-IN-icw","https://app.appsflyer.com/com.ril.shein?pid=mediadoogdo_int&af_siteid={affiliate_id}&c=Shein_ICW&af_sub_siteid={affiliate_sub_id}&af_c_id={offer_id}&af_channel={affiliate_id}&af_click_lookback=7d&clickid={transaction_id}&advertising_id={gaid}&android_id={android_id}&idfa={idfa}&idfv={idfv}&is_incentivized=false&af_prt=icubeswire","com.ril.shein"
"100000343","BitCapital-UA-CPA-aos-UA-osaka","https://bitcapital.go.link/?adj_t=1ppwo6nr&adj_campaign=Bitcapital_NewAge_TSM_Metmobi&adj_adgroup=DLM&adj_creative=dl_lx_{affiliate_id}&adj_deep_link=bitCapital%3A%2F%2F&adj_os_name={os}&adj_click_id={transaction_id}&adj_android_id={android_id}&adj_idfv={idfv}&adj_idfa={idfa}&adj_gps_adid={gaid}&adj_ip_address={ip}&adj_rejected_install_callback=http%3A%2F%2F{adjust_domain}%2Fpb%2Flsr%3Ftransaction_id%3D{transaction_id}%26idfa%3D{c_idfa}%26gaid%3D{c_gaid}%26is_rejected%3D1%26block_reason%3D{rejection_reason}%26block_sub_reason%3Dpa&adj_install_callback=http%3A%2F%2F{adjust_domain}%2Fpb%2Flsr%3Ftransaction_id%3D{transaction_id}%26idfa%3D{c_idfa}%26gaid%3D{c_gaid}&adj_event_callback_e7gdjg=http%3A%2F%2F{adjust_domain}%2Fpb%2Fevent_notify%3Ftransaction_id%3D{transaction_id}%26idfa%3D{c_idfa}%26gaid%3D{c_gaid}%26event_name%3De7gdjg","com.big_capital_eg.big_capital"
"100000355","小小英雄-UA-CPI-ios-VN-movables","https://app.appsflyer.com/id6740561197?pid=aquamandr_int&af_siteid={affiliate_sub_id}&c=mov_ios_1012780&af_c_id={offer_id}&af_click_lookback=7d&clickid={transaction_id}&advertising_id={gaid}&android_id={android_id}&idfa={idfa}&idfv={idfv}&af_prt=mintmobicn256","6740561197"
"100000363","Betcity-UA-CPA-ios-RU-osaka_CTA_bigo","https://app.adjust.com/1ne1m6vy?campaign=Uffiliates_22380&adgroup=DL_dl_{affiliate_sub_id}&os_name={os}&click_id={transaction_id}&android_id={android_id}&idfv={idfv}&idfa={idfa}&gps_adid={gaid}&ip_address={ip}&rejected_install_callback=http%3A%2F%2F{adjust_domain}%2Fpb%2Flsr%3Ftransaction_id%3D{transaction_id}%26idfa%3D{c_idfa}%26gaid%3D{c_gaid}%26is_rejected%3D1%26block_reason%3D{rejection_reason}%26block_sub_reason%3Dpa&install_callback=http%3A%2F%2F{adjust_domain}%2Fpb%2Flsr%3Ftransaction_id%3D{transaction_id}%26idfa%3D{c_idfa}%26gaid%3D{c_gaid}&event_callback_jnvza3=http%3A%2F%2F{adjust_domain}%2Fpb%2Fevent_notify%3Ftransaction_id%3D{transaction_id}%26idfa%3D{c_idfa}%26gaid%3D{c_gaid}%26event_name%3Djnvza3","1491142951"
"100000364","Betcity-UA-CPA-aos-RU-osaka","https://app.adjust.com/1nirhrg4?campaign=Uffiliates_22380&adgroup=DL_dl_{affiliate_sub_id}&os_name={os}&click_id={transaction_id}&android_id={android_id}&idfv={idfv}&idfa={idfa}&gps_adid={gaid}&ip_address={ip}&rejected_install_callback=http%3A%2F%2F{adjust_domain}%2Fpb%2Flsr%3Ftransaction_id%3D{transaction_id}%26idfa%3D{c_idfa}%26gaid%3D{c_gaid}%26is_rejected%3D1%26block_reason%3D{rejection_reason}%26block_sub_reason%3Dpa&install_callback=http%3A%2F%2F{adjust_domain}%2Fpb%2Flsr%3Ftransaction_id%3D{transaction_id}%26idfa%3D{c_idfa}%26gaid%3D{c_gaid}&event_callback_a5invi=http%3A%2F%2F{adjust_domain}%2Fpb%2Fevent_notify%3Ftransaction_id%3D{transaction_id}%26idfa%3D{c_idfa}%26gaid%3D{c_gaid}%26event_name%3Da5invi","ru.betcity.android"
"100000365","Betcity-UA-CPA-ios-RU-osaka","https://app.adjust.com/1nsjwitd?campaign=Uffiliates_42226&adgroup=DL_{affiliate_sub_id}&os_name={os}&click_id={transaction_id}&android_id={android_id}&idfv={idfv}&idfa={idfa}&gps_adid={gaid}&ip_address={ip}&rejected_install_callback=http://{adjust_domain}/pb/lsr?transaction_id={transaction_id}&idfa={idfa}&gaid={gaid}&is_rejected=1&block_reason={rejection_reason}&block_sub_reason=pa&install_callback=http://{adjust_domain}/pb/lsr?transaction_id={transaction_id}&idfa={idfa}&gaid={gaid}&event_callback_jnvza3=http://{adjust_domain}/pb/event_notify?transaction_id={transaction_id}&idfa={idfa}&gaid={gaid}&event_name=jnvza3","1491142951"
"100000366","Betcity-UA-CPA-aos-RU-osaka","https://app.adjust.com/1na19nib?campaign=Uffiliates_42226&adgroup=DL_{affiliate_sub_id}&os_name={os}&click_id={transaction_id}&android_id={android_id}&idfv={idfv}&idfa={idfa}&gps_adid={gaid}&ip_address={ip}&rejected_install_callback=http%3A%2F%2F{adjust_domain}%2Fpb%2Flsr%3Ftransaction_id%3D{transaction_id}%26idfa%3D{c_idfa}%26gaid%3D{c_gaid}%26is_rejected%3D1%26block_reason%3D{rejection_reason}%26block_sub_reason%3Dpa&install_callback=http%3A%2F%2F{adjust_domain}%2Fpb%2Flsr%3Ftransaction_id%3D{transaction_id}%26idfa%3D{c_idfa}%26gaid%3D{c_gaid}&event_callback_a5invi=http%3A%2F%2F{adjust_domain}%2Fpb%2Fevent_notify%3Ftransaction_id%3D{transaction_id}%26idfa%3D{c_idfa}%26gaid%3D{c_gaid}%26event_name%3Da5invi","ru.betcity.android"
"100000373","Betcity-UA-CPA-ios-RU-osaka","https://app.adjust.com/1nsjwitd?campaign=Uffiliates_42226&adgroup=DL_{affiliate_sub_id}&os_name={os}&click_id={transaction_id}&android_id={android_id}&idfv={idfv}&idfa={idfa}&gps_adid={gaid}&ip_address={ip}&rejected_install_callback=http://{adjust_domain}/pb/lsr?transaction_id={transaction_id}&idfa={idfa}&gaid={gaid}&is_rejected=1&block_reason={rejection_reason}&block_sub_reason=pa&install_callback=http://{adjust_domain}/pb/lsr?transaction_id={transaction_id}&idfa={idfa}&gaid={gaid}&event_callback_jnvza3=http://{adjust_domain}/pb/event_notify?transaction_id={transaction_id}&idfa={idfa}&gaid={gaid}&event_name=jnvza3","1491142951"
"100000376","Yandex EDA-UA-CPA-aos-RU-dolemobi_0812_vae3zcs_eqrhmx1","https://plms.adj.st?adj_t=vae3zcs_eqrhmx1&adj_adgroup=9887230_813_CH20&adj_campaign=9887230_adc_perf&adj_creative=perf_CH20&adj_os_name={os}&adj_click_id={transaction_id}&adj_android_id={android_id}&adj_idfv={idfv}&adj_idfa={idfa}&adj_gps_adid={gaid}&adj_ip_address={ip}&adj_rejected_install_callback=http%3A%2F%2F{adjust_domain}%2Fpb%2Flsr%3Ftransaction_id%3D{transaction_id}%26idfa%3D{c_idfa}%26gaid%3D{c_gaid}%26is_rejected%3D1%26block_reason%3D{rejection_reason}%26block_sub_reason%3Dpa&adj_install_callback=http%3A%2F%2F{adjust_domain}%2Fpb%2Flsr%3Ftransaction_id%3D{transaction_id}%26idfa%3D{c_idfa}%26gaid%3D{c_gaid}&adj_event_callback_wbvo7r=http%3A%2F%2F{adjust_domain}%2Fpb%2Fevent_notify%3Ftransaction_id%3D{transaction_id}%26idfa%3D{c_idfa}%26gaid%3D{c_gaid}%26event_name%3Dwbvo7r&adj_event_callback_5vsvjx=http%3A%2F%2F{adjust_domain}%2Fpb%2Fevent_notify%3Ftransaction_id%3D{transaction_id}%26idfa%3D{c_idfa}%26gaid%3D{c_gaid}%26event_name%3D5vsvjx","ru.foodfox.client"
"100000379","Youse-UA-CPA-aos-BR-riseup","https://youse.onelink.me/ePZ5?pid=fereirasegel_int&c=perf_appreach_app_aqui_auto_always-on_install_cpa&af_siteid={site_id}&af_click_lookback=7d&clickid={click_id}&utm_source=appreach&af_prt=yzmedia&utm_medium=acquisition&utm_campaign=perf_appreach_app_aqui_auto_always-on_install_cpa","com.kiloutou.youse"
"100000382","Tiên Lữ Kỳ Duyên-UA-CPI-aos-VN-945uast","https://app.adjust.com/1r6kodya?campaign=UA_TLKD_10443_0808&adgroup=UA_10443&click_id={transaction_id}&idfv={idfv}&idfa={idfa}&gps_adid={gaid}&os_name={os}&android_id={andriod_id}&ip_address={ip}&adj_rejected_install_callback=http%3A%2F%2F{adjust_domain}%2Fpb%2Flsr%3Ftransaction_id%3D{transaction_id}%26idfa%3D{idfa}%26gaid%3D{gaid}%26is_rejected%3D1%26block_reason%3D{rejection_reason}%26block_sub_reason%3Dpa&adj_install_callback=http%3A%2F%2F{adjust_domain}%2Fpb%2Flsr%3Ftransaction_id%3D{transaction_id}%26idfa%3D{idfa}%26gaid%3D{gaid}","com.vngp.xlqy"
"100000383","foodpanda-RT-CPI-aos-PH-dolemobi","https://view.adjust.com/impression/1bwgskkq?campaign=mob_reach_and_eat_ma_foodpanda_ph_mobisummer_cpa_viber_OBJ-reach_CH-Mobisummer_SC-XX_CT-XX_15727&adgroup=11911&creative=BadgeNEWPANDA_T-PRO_V-MULTI_EAT_L-EN_DI01_50CDG1wL&os_name={os}&click_id={transaction_id}&android_id={android_id}&idfv={idfv}&idfa={idfa}&gps_adid={gaid}&ip_address={ip}&rejected_install_callback=http%3A%2F%2F{adjust_domain}%2Fpb%2Flsr%3Ftransaction_id%3D{transaction_id}%26idfa%3D{idfa}%26gaid%3D{gaid}%26is_rejected%3D1%26block_reason%3D{rejection_reason}%26block_sub_reason%3Dpa&install_callback=http%3A%2F%2F{adjust_domain}%2Fpb%2Flsr%3Ftransaction_id%3D{transaction_id}%26idfa%3D{idfa}%26gaid%3D{gaid}","com.global.foodpanda.android"
"100000384","foodpanda-UA-CPI-aos-PH-dolemobi","https://view.adjust.com/impression/1bwgskkq?campaign=mob_reach_and_eat_ma_foodpanda_ph_mobisummer_cpa_viber_OBJ-reach_CH-Mobisummer_SC-XX_CT-XX_15727&adgroup=11911&creative=BadgeNEWPANDA_T-PRO_V-MULTI_EAT_L-EN_DI01_50CDG1wL&os_name={os}&click_id={transaction_id}&android_id={android_id}&idfv={idfv}&idfa={idfa}&gps_adid={gaid}&ip_address={ip}&rejected_install_callback=http%3A%2F%2F{adjust_domain}%2Fpb%2Flsr%3Ftransaction_id%3D{transaction_id}%26idfa%3D{idfa}%26gaid%3D{gaid}%26is_rejected%3D1%26block_reason%3D{rejection_reason}%26block_sub_reason%3Dpa&install_callback=http%3A%2F%2F{adjust_domain}%2Fpb%2Flsr%3Ftransaction_id%3D{transaction_id}%26idfa%3D{idfa}%26gaid%3D{gaid}","com.global.foodpanda.android"
"100000387","Tiên Lữ Kỳ Duyên-UA-CPI-aos-VN-945uast","https://view.adjust.com/impression/1r6kodya?campaign=UA_TLKD_10443_0808&adgroup=UA_10443&click_id={transaction_id}&idfv={idfv}&idfa={idfa}&gps_adid={gaid}&os_name={os}&android_id={andriod_id}&ip_address={ip}&adj_rejected_install_callback=http%3A%2F%2F{adjust_domain}%2Fpb%2Flsr%3Ftransaction_id%3D{transaction_id}%26idfa%3D{idfa}%26gaid%3D{gaid}%26is_rejected%3D1%26block_reason%3D{rejection_reason}%26block_sub_reason%3Dpa&adj_install_callback=http%3A%2F%2F{adjust_domain}%2Fpb%2Flsr%3Ftransaction_id%3D{transaction_id}%26idfa%3D{idfa}%26gaid%3D{gaid}","com.vngp.xlqy"
"100000388","Eloelo_0814-UA-CPA-aos-IN-collect","https://app.appsflyer.com/com.eloelo?pid=aquamandr_int&af_siteid={aff}&c=volaad_aquamandr_int&af_click_lookback=7d&clickid={transaction_id}&advertising_id={gaid}&android_id={android_id}&idfa={idfa}&idfv={idfv}&af_prt=volaad","com.eloelo"
"100000390","justfood-UA-CPA-ios-RU-olamob","https://redirect.appmetrica.yandex.com/serve/1038253108347630030?erid=2SDnjeL9QUU&site_id={aff_id}&click_id={transaction_id}&google_aid={gaid}&ios_ifa={idfa}&device_ip={ip}&device_ua={user_agent}&noredirect=1&click_timestamp={timestamp}","1444913799"
"100000391","justfood-UA-CPA-aos-RU-olamob","https://redirect.appmetrica.yandex.com/serve/605907543146968109?erid=2SDnjeL9QUU&site_id={aff_id}&click_id={transaction_id}&google_aid={gaid}&ios_ifa={idfa}&device_ip={ip}&device_ua={user_agent}&noredirect=1&click_timestamp={timestamp}","justfood.pro"
"100000392","Liobank-UA-CPA-ios-VN-rs","https://liobank.go.link?adj_t=1qnbyq2u&adj_campaign=AT_1506857&adj_adgroup=1506857_RS_DLM&adj_idfa={idfa}&adj_gps_adid={gaid}&adj_accesstradevn_click_id={transaction_id}&adj_os_name={os}&adj_click_id={transaction_id}&adj_android_id={android_id}&adj_idfv={idfv}&adj_ip_address={ip}&adj_rejected_install_callback=http%3A%2F%2F{adjust_domain}%2Fpb%2Flsr%3Ftransaction_id%3D{transaction_id}%26idfa%3D{c_idfa}%26gaid%3D{c_gaid}%26is_rejected%3D1%26block_reason%3D{rejection_reason}%26block_sub_reason%3Dpa&adj_install_callback=http%3A%2F%2F{adjust_domain}%2Fpb%2Flsr%3Ftransaction_id%3D{transaction_id}%26idfa%3D{c_idfa}%26gaid%3D{c_gaid}&adj_event_callback_hiprf1=http%3A%2F%2F{adjust_domain}%2Fpb%2Fevent_notify%3Ftransaction_id%3D{transaction_id}%26idfa%3D{c_idfa}%26gaid%3D{c_gaid}%26event_name%3Dhiprf1","6444787281"
"100000393","Betcity-UA-CPA-ios-RU-affcope","https://app.adjust.com/1rndk8j3?campaign=Mobisharks_Ccent_Vungle_IOS_RU_Aug_006_1_Betcity_TRP&adgroup=TRP_ZMN_LMC_AA_YK_{siteid}&creative=Yk{creative}&tracker_limit=250000&vungle_click_id={transaction_id}&external_tracker_ids=1&erid=2SDnjdNKm6L&os_name={os}&click_id={transaction_id}&android_id={android_id}&idfv={idfv}&idfa={idfa}&gps_adid={gaid}&ip_address={ip}&adj_rejected_install_callback=http%3A%2F%2F{adjust_domain}%2Fpb%2Flsr%3Ftransaction_id%3D{transaction_id}%26idfa%3D{c_idfa}%26gaid%3D{c_gaid}%26is_rejected%3D1%26block_reason%3D{rejection_reason}%26block_sub_reason%3Dpa&adj_install_callback=http%3A%2F%2F{adjust_domain}%2Fpb%2Flsr%3Ftransaction_id%3D{transaction_id}%26idfa%3D{c_idfa}%26gaid%3D{c_gaid}&adj_event_callback_jnvza3=http%3A%2F%2F{adjust_domain}%2Fpb%2Fevent_notify%3Ftransaction_id%3D{transaction_id}%26idfa%3D{c_idfa}%26gaid%3D{c_gaid}%26event_name%3Djnvza3","1491142951"
"100000394","Baubap-UA-CPA-aos-MX-iavatarz","https://app.adjust.com/1ni6ygdi?campaign=ULTRA_Baubap_6&adgroup=ULTRA_7005&creative=1241_DL&os_name={os}&click_id={transaction_id}&android_id={android_id}&idfv={idfv}&idfa={idfa}&gps_adid={gaid}&ip_address={ip}&rejected_install_callback=http%3A%2F%2F{adjust_domain}%2Fpb%2Flsr%3Ftransaction_id%3D{transaction_id}%26idfa%3D{c_idfa}%26gaid%3D{c_gaid}%26is_rejected%3D1%26block_reason%3D{rejection_reason}%26block_sub_reason%3Dpa&install_callback=http%3A%2F%2F{adjust_domain}%2Fpb%2Flsr%3Ftransaction_id%3D{transaction_id}%26idfa%3D{c_idfa}%26gaid%3D{c_gaid}&event_callback_59ddhv=http%3A%2F%2F{adjust_domain}%2Fpb%2Fevent_notify%3Ftransaction_id%3D{transaction_id}%26idfa%3D{c_idfa}%26gaid%3D{c_gaid}%26event_name%3D59ddhv","com.baubap"
"100000415","Liobank-UA-CPA-aos-VN-dolemobi","https://s2s.adjust.com/1rqr0l12?campaign=BD4_MD&adgroup=ADBZ001_{siteid}&os_name={os}&click_id={transaction_id}&android_id={android_id}&idfv={idfv}&idfa={idfa}&gps_adid={gaid}&ip_address={ip}&rejected_install_callback=http%3A%2F%2F{adjust_domain}%2Fpb%2Flsr%3Ftransaction_id%3D{transaction_id}%26idfa%3D{c_idfa}%26gaid%3D{c_gaid}%26is_rejected%3D1%26block_reason%3D{rejection_reason}%26block_sub_reason%3Dpa&install_callback=http%3A%2F%2F{adjust_domain}%2Fpb%2Flsr%3Ftransaction_id%3D{transaction_id}%26idfa%3D{c_idfa}%26gaid%3D{c_gaid}&event_callback_hiprf1=http%3A%2F%2F{adjust_domain}%2Fpb%2Fevent_notify%3Ftransaction_id%3D{transaction_id}%26idfa%3D{c_idfa}%26gaid%3D{c_gaid}%26event_name%3Dhiprf1","com.ocb.liobank"
"100000448","VTA_VT Markets-UA-CPA-aos-FR-litchi","https://impressions.onelink.me/C1f2?pid=adzflick_int&af_siteid={aff}&c=LTCDA&af_sub_siteid={affiliate_sub_id}&af_adset=2406_P_G50E_EN&af_ad_id={offer_id}&af_viewthrough_lookback=24h&af_ip={ip}&af_ua={ua}&clickid={transaction_id}&advertising_id={gaid}&idfa={idfa}&idfv={idfv}&af_prt=demonswinghk983&af_xplatform=true&af_xplatform_vt_lookback=72","cn.com.vtmarkets"
"100000449","VTA_VT Markets-UA-CPA-aos-GB-litchi","https://impressions.onelink.me/C1f2?pid=adzflick_int&af_siteid={aff}&c=LTCDA&af_sub_siteid={affiliate_sub_id}&af_adset=2406_P_G50E_EN&af_ad_id={offer_id}&af_viewthrough_lookback=24h&af_ip={ip}&af_ua={ua}&clickid={transaction_id}&advertising_id={gaid}&idfa={idfa}&idfv={idfv}&af_prt=demonswinghk983&af_xplatform=true&af_xplatform_vt_lookback=72","cn.com.vtmarkets"
"100000450","VTA_VT Markets-UA-CPA-ios-FR-litchi","https://impressions.onelink.me/C1f2?pid=adzflick_int&af_siteid={aff}&c=LTCDA&af_sub_siteid={affiliate_sub_id}&af_adset=2406_P_G50E_EN&af_ad_id={offer_id}&af_viewthrough_lookback=24h&af_ip={ip}&af_ua={ua}&clickid={transaction_id}&advertising_id={gaid}&idfa={idfa}&idfv={idfv}&af_prt=demonswinghk983&af_xplatform=true&af_xplatform_vt_lookback=72","1372647263"
"100000451","VTA_VT Markets-UA-CPA-ios-GB-litchi","https://impressions.onelink.me/C1f2?pid=adzflick_int&af_siteid={aff}&c=LTCDA&af_sub_siteid={affiliate_sub_id}&af_adset=2406_P_G50E_EN&af_ad_id={offer_id}&af_viewthrough_lookback=24h&af_ip={ip}&af_ua={ua}&clickid={transaction_id}&advertising_id={gaid}&idfa={idfa}&idfv={idfv}&af_prt=demonswinghk983&af_xplatform=true&af_xplatform_vt_lookback=72","1372647263"
"100000499","Adjust_Fasset-UA-CPA-aos-AE-dolemobi","https://app.adjust.com/1rngjct1?adgroup=PFX_CH20&campaign=PFX&os_name={os}&click_id={transaction_id}&android_id={android_id}&idfv={idfv}&idfa={idfa}&gps_adid={gaid}&ip_address={ip}&rejected_install_callback=http%3A%2F%2F{adjust_domain}%2Fpb%2Flsr%3Ftransaction_id%3D{transaction_id}%26idfa%3D{c_idfa}%26gaid%3D{c_gaid}%26is_rejected%3D1%26block_reason%3D{rejection_reason}%26block_sub_reason%3Dpa&install_callback=http%3A%2F%2F{adjust_domain}%2Fpb%2Flsr%3Ftransaction_id%3D{transaction_id}%26idfa%3D{c_idfa}%26gaid%3D{c_gaid}&event_callback_lxerxm=http%3A%2F%2F{adjust_domain}%2Fpb%2Fevent_notify%3Ftransaction_id%3D{transaction_id}%26idfa%3D{c_idfa}%26gaid%3D{c_gaid}%26event_name%3Dlxerxm","com.fasset.cashapp"
"100000505","ReelFusion_1pepqo5h-UA-CPA-ios-US-mobjoy","https://view.adjust.com/impression/1pepqo5h?campaign=AdMax_644&adgroup=644&creative=DL_0820&os_name={os}&click_id={transaction_id}&android_id={android_id}&idfv={idfv}&idfa={idfa}&gps_adid={gaid}&ip_address={ip}&rejected_install_callback=http%3A%2F%2F{adjust_domain}%2Fpb%2Flsr%3Ftransaction_id%3D{transaction_id}%26idfa%3D{c_idfa}%26gaid%3D{c_gaid}%26is_rejected%3D1%26block_reason%3D{rejection_reason}%26block_sub_reason%3Dpa&install_callback=http%3A%2F%2F{adjust_domain}%2Fpb%2Flsr%3Ftransaction_id%3D{transaction_id}%26idfa%3D{c_idfa}%26gaid%3D{c_gaid}&event_callback_17umo0=http%3A%2F%2F{adjust_domain}%2Fpb%2Fevent_notify%3Ftransaction_id%3D{transaction_id}%26idfa%3D{c_idfa}%26gaid%3D{c_gaid}%26event_name%3D17umo0","6744390221 "
"100000506","C_ReelFusion_1pepqo5h-UA-CPA-ios-US-mobjoy","https://app.adjust.com/1pepqo5h?campaign=AdMax_644&adgroup=644&creative=DL_0820&os_name={os}&click_id={transaction_id}&android_id={android_id}&idfv={idfv}&idfa={idfa}&gps_adid={gaid}&ip_address={ip}&rejected_install_callback=http%3A%2F%2F{adjust_domain}%2Fpb%2Flsr%3Ftransaction_id%3D{transaction_id}%26idfa%3D{c_idfa}%26gaid%3D{c_gaid}%26is_rejected%3D1%26block_reason%3D{rejection_reason}%26block_sub_reason%3Dpa&install_callback=http%3A%2F%2F{adjust_domain}%2Fpb%2Flsr%3Ftransaction_id%3D{transaction_id}%26idfa%3D{c_idfa}%26gaid%3D{c_gaid}&event_callback_17umo0=http%3A%2F%2F{adjust_domain}%2Fpb%2Fevent_notify%3Ftransaction_id%3D{transaction_id}%26idfa%3D{c_idfa}%26gaid%3D{c_gaid}%26event_name%3D17umo0","6744390221 "
"100000509","AA-CTV_MB bank- iOS_0820-UA-CPA-ios-VN-omega","https://impressions.onelink.me/QPF5?pid=adbridgeld_int&c=omegamedia_mbbank_ekyc_DOL871&af_prt=focusm&af_xplatform=true&af_xplatform_vt_lookback=72h&af_adset=combobaomat&is_ctv=yes","1205807363"
"100000510","AA-CTV_MB bank- iOS_0820-UA-CPA-ios-VN-omega","https://impressions.onelink.me/QPF5?pid=adbridgeld_int&c=omegamedia_mbbank_ekyc_DOL871&af_prt=focusm&af_xplatform=true&af_xplatform_vt_lookback=72h&af_adset=combobaomat&is_ctv=yes","1205807363"
"100000511","CTV_Liobank_0820_1rs2xmgn-UA-CPA-aos-VN-rentrack","https://view.adjust.com/impression/1rs2xmgn?campaign=Dolemobi_0820&adgroup=DL_lx820_01&creative=dl_820&os_name={os}&click_id={transaction_id}&android_id={android_id}&idfv={idfv}&idfa={idfa}&gps_adid={gaid}&ip_address={ip}&rejected_install_callback=http%3A%2F%2F{adjust_domain}%2Fpb%2Flsr%3Ftransaction_id%3D{transaction_id}%26idfa%3D{c_idfa}%26gaid%3D{c_gaid}%26is_rejected%3D1%26block_reason%3D{rejection_reason}%26block_sub_reason%3Dpa&install_callback=http%3A%2F%2F{adjust_domain}%2Fpb%2Flsr%3Ftransaction_id%3D{transaction_id}%26idfa%3D{c_idfa}%26gaid%3D{c_gaid}&event_callback_hiprf1=http%3A%2F%2F{adjust_domain}%2Fpb%2Fevent_notify%3Ftransaction_id%3D{transaction_id}%26idfa%3D{c_idfa}%26gaid%3D{c_gaid}%26event_name%3Dhiprf1","com.ocb.liobank"
"100000512","C_Liobank_0820_1rs2xmgn-UA-CPA-aos-VN-rentrack","https://liobank.go.link?adj_t=1rs2xmgn&adj_campaign=DL_0820&adj_adgroup=DL_820&adj_cross_device_tracking=1&adj_os_name={os}&adj_click_id={transaction_id}&adj_android_id={android_id}&adj_idfv={idfv}&adj_idfa={idfa}&adj_gps_adid={gaid}&adj_ip_address={ip}&adj_rejected_install_callback=http%3A%2F%2F{adjust_domain}%2Fpb%2Flsr%3Ftransaction_id%3D{transaction_id}%26idfa%3D{c_idfa}%26gaid%3D{c_gaid}%26is_rejected%3D1%26block_reason%3D{rejection_reason}%26block_sub_reason%3Dpa&adj_install_callback=http%3A%2F%2F{adjust_domain}%2Fpb%2Flsr%3Ftransaction_id%3D{transaction_id}%26idfa%3D{c_idfa}%26gaid%3D{c_gaid}&adj_event_callback_hiprf1=http%3A%2F%2F{adjust_domain}%2Fpb%2Fevent_notify%3Ftransaction_id%3D{transaction_id}%26idfa%3D{c_idfa}%26gaid%3D{c_gaid}%26event_name%3Dhiprf1","com.ocb.liobank"
"100000513","CTV_Liobank_0820_1rd8whrt-UA-CPA-aos-VN-rentrack","https://view.adjust.com/impression/1rd8whrt?campaign=Dolemobi_0820&adgroup=DL_lx820_01&creative=dl_820&cross_device_tracking=1&os_name={os}&click_id={transaction_id}&android_id={android_id}&idfv={idfv}&idfa={idfa}&gps_adid={gaid}&ip_address={ip}&rejected_install_callback=http%3A%2F%2F{adjust_domain}%2Fpb%2Flsr%3Ftransaction_id%3D{transaction_id}%26idfa%3D{c_idfa}%26gaid%3D{c_gaid}%26is_rejected%3D1%26block_reason%3D{rejection_reason}%26block_sub_reason%3Dpa&install_callback=http%3A%2F%2F{adjust_domain}%2Fpb%2Flsr%3Ftransaction_id%3D{transaction_id}%26idfa%3D{c_idfa}%26gaid%3D{c_gaid}&event_callback_hiprf1=http%3A%2F%2F{adjust_domain}%2Fpb%2Fevent_notify%3Ftransaction_id%3D{transaction_id}%26idfa%3D{c_idfa}%26gaid%3D{c_gaid}%26event_name%3Dhiprf1","com.ocb.liobank"
"100000520","AirBridge_Galaxy Play-VTA-UA-CPA-aos-VN-rentrack","https://abr.ge/@galaxyplay/rentracks?campaign=Dolemobi_first_time_user&routing_short_id=2vwts3&tracking_template_id=be17d66e2eab733a884509787c82edf8&ad_type=view&user_agent={user_agent}&ip={ip}&click_id={transaction_id}&campaign_id={offer_id}&gaid_raw={gaid}&ifa_raw={idfa}&sub_id={affiliate_sub_id}","vn.fimplus.app.and"
"100000521","AirBridge_Galaxy Play-VTA-UA-CPA-ios-VN-","https://abr.ge/@galaxyplay/rentracks?campaign=Dolemobi_first_time_user&routing_short_id=2vwts3&tracking_template_id=be17d66e2eab733a884509787c82edf8&ad_type=view&user_agent={user_agent}&ip={ip}&click_id={transaction_id}&campaign_id={offer_id}&gaid_raw={gaid}&ifa_raw={idfa}&sub_id={affiliate_sub_id}","1064825671"
"100000522","AirBridge_Galaxy Play-CTA-UA-CPA-aos-VN-rentrack","https://abr.ge/@galaxyplay/rentracks?campaign=Dolemobi_first_time_user&routing_short_id=2vwts3&tracking_template_id=be17d66e2eab733a884509787c82edf8&ad_type=click&user_agent={ua}&ip={ip}&click_id={transaction_id}&campaign_id={offer_id}&gaid_raw={gaid}&ifa_raw={idfa}&sub_id={affiliate_sub_id}","vn.fimplus.app.and"
"100000523","AirBridge_Galaxy Play-CTA-UA-CPA-ios-VN-rentrack","https://abr.ge/@galaxyplay/rentracks?campaign=Dolemobi_first_time_user&routing_short_id=2vwts3&tracking_template_id=be17d66e2eab733a884509787c82edf8&ad_type=click&user_agent={user_agent}&ip={ip}&click_id={transaction_id}&campaign_id={offer_id}&gaid_raw={gaid}&ifa_raw={idfa}&sub_id={affiliate_sub_id}","1064825671"
"100000574","AirBridge_Galaxy Play-VTA-UA-CPA-ios-VN-rentrack","https://abr.ge/@galaxyplay/rentracks?campaign=Dolemobi_first_time_user&routing_short_id=2vwts3&tracking_template_id=be17d66e2eab733a884509787c82edf8&ad_type=view&user_agent={user_agent}&ip={ip}&click_id={transaction_id}&campaign_id={offer_id}&gaid_raw={gaid}&ifa_raw={idfa}&sub_id={affiliate_sub_id}","1064825671"
"100000575","AirBridge_Galaxy Play-VTA-UA-CPA-ios-VN-rentrack","https://abr.ge/@galaxyplay/rentracks?campaign=Dolemobi_first_time_user&routing_short_id=2vwts3&tracking_template_id=be17d66e2eab733a884509787c82edf8&ad_type=view&user_agent={user_agent}&ip={ip}&click_id={transaction_id}&campaign_id={offer_id}&gaid_raw={gaid}&ifa_raw={idfa}&sub_id={affiliate_sub_id}","1064825671"
"100000576","AirBridge_Galaxy Play-VTA-UA-CPA-ios-VN-rentrack","https://abr.ge/@galaxyplay/rentracks?campaign=Dolemobi_first_time_user&routing_short_id=2vwts3&tracking_template_id=be17d66e2eab733a884509787c82edf8&ad_type=view&user_agent={user_agent}&ip={ip}&click_id={transaction_id}&campaign_id={offer_id}&gaid_raw={gaid}&ifa_raw={idfa}&sub_id={affiliate_sub_id}","1064825671"
"100000577","AirBridge_Galaxy Play-CTA-UA-CPA-ios-VN-rentrack","https://abr.ge/@galaxyplay/rentracks?campaign=Dolemobi_first_time_user&routing_short_id=2vwts3&tracking_template_id=be17d66e2eab733a884509787c82edf8&ad_type=click&user_agent={user_agent}&ip={ip}&click_id={transaction_id}&campaign_id={offer_id}&gaid_raw={gaid}&ifa_raw={idfa}&sub_id={affiliate_sub_id}","1064825671"
"100000578","AirBridge_Galaxy Play-CTA-UA-CPA-ios-VN-rentrack","https://abr.ge/@galaxyplay/rentracks?campaign=Dolemobi_first_time_user&routing_short_id=2vwts3&tracking_template_id=be17d66e2eab733a884509787c82edf8&ad_type=click&user_agent={user_agent}&ip={ip}&click_id={transaction_id}&campaign_id={offer_id}&gaid_raw={gaid}&ifa_raw={idfa}&sub_id={affiliate_sub_id}","1064825671"
"100000579","AirBridge_Galaxy Play-CTA-UA-CPA-ios-VN-rentrack","https://abr.ge/@galaxyplay/rentracks?campaign=Dolemobi_first_time_user&routing_short_id=2vwts3&tracking_template_id=be17d66e2eab733a884509787c82edf8&ad_type=click&user_agent={user_agent}&ip={ip}&click_id={transaction_id}&campaign_id={offer_id}&gaid_raw={gaid}&ifa_raw={idfa}&sub_id={affiliate_sub_id}","1064825671"
"100000596","BingoPlus-UA-CPA-aos-PH-adzflick","https://impressions.onelink.me/xoYJ?pid=adzflick_int&af_siteid={aff}&c=Sio_CPA_UA&af_sub_siteid={affiliate_sub_id}&af_c_id={c_id}&af_ad={offer_id}&af_sub1=OM-Activation-Broad_Activation_CPFD&af_viewthrough_lookback=24h&af_ip={ip}&af_lang={language}&af_ua={ua}&clickid={transaction_id}&advertising_id={gaid}&af_prt=scaleio&af_xplatform=true&af_xplatform_vt_lookback=72h&android_id={android_id}&idfa={idfa}&idfv={idfv}&is_ctv=yes","com.intech.c66app"
"100000597","BingoPlus-UA-CPA-ios-PH-adzflick","https://impressions.onelink.me/xoYJ?pid=adzflick_int&af_siteid={aff}&c=Sio_CPA_UA&af_sub_siteid={affiliate_sub_id}&af_c_id={c_id}&af_ad={offer_id}&af_sub1=OM-Activation-Broad_Activation_CPFD&af_viewthrough_lookback=24h&af_ip={ip}&af_lang={language}&af_ua={ua}&clickid={transaction_id}&advertising_id={gaid}&af_prt=scaleio&af_xplatform=true&af_xplatform_vt_lookback=72h&android_id={android_id}&idfa={idfa}&idfv={idfv}&is_ctv=yes","com.intech.c66app"
"100000598","BingoPlus-RT-CPA-aos-PH-adzflick","https://impressions.onelink.me/xoYJ?pid=adzflick_int&af_siteid={site_id}&c=Sio_CPA_RT&af_sub_siteid={aff}&af_c_id={c_id}&af_ad={offer_id}&af_sub1=OM-Activation-Broad_Activation_CPFD&is_retargeting=true&af_dp=bingoplus%3A%2F%2Fhome&af_reengagement_window=30d&af_inactivity_window=2d&af_viewthrough_lookback=24h&af_ip={ip}&af_lang={language}&af_ua={ua}&clickid={transaction_id}&advertising_id={gaid}&af_prt=scaleio&af_xplatform=true&af_xplatform_vt_lookback=72h&android_id={android_id}&idfa={idfa}&idfv={idfv}&is_ctv=yes","com.intech.c66app"
"100000599","BingoPlus-RT-CPA-ios-PH-adzflick","https://impressions.onelink.me/xoYJ?pid=adzflick_int&af_siteid={site_id}&c=Sio_CPA_RT&af_sub_siteid={aff}&af_c_id={c_id}&af_ad={offer_id}&af_sub1=OM-Activation-Broad_Activation_CPFD&is_retargeting=true&af_dp=bingoplus%3A%2F%2Fhome&af_reengagement_window=30d&af_inactivity_window=2d&af_viewthrough_lookback=24h&af_ip={ip}&af_lang={language}&af_ua={ua}&clickid={transaction_id}&advertising_id={gaid}&af_prt=scaleio&af_xplatform=true&af_xplatform_vt_lookback=72h&android_id={android_id}&idfa={idfa}&idfv={idfv}&is_ctv=yes","com.intech.c66app"
"100000608","AirBridge_IS_Galaxy Play-VTA-UA-CPA-ios-VN-rentrack","https://abr.ge/@galaxyplay/ironsource?campaign=ironSource_first_time_user&routing_short_id=bz56t4&tracking_template_id=d9c00e57909c52a8c69cec35c8188a44&ad_type=view&user_agent={user_agent}&ip={ip}&click_id={transaction_id}&campaign_id={offer_id}&gaid_raw={gaid}&ifa_raw={idfa}&sub_id={affiliate_sub_id}","1064825671"
"100000609","AirBridge_IS_Galaxy Play-CTA-UA-CPA-ios-VN-rentrack","https://abr.ge/@galaxyplay/ironsource?campaign=ironSource_first_time_user&routing_short_id=bz56t4&tracking_template_id=d9c00e57909c52a8c69cec35c8188a44&ad_type=click&user_agent={user_agent}&ip={ip}&click_id={transaction_id}&campaign_id={offer_id}&gaid_raw={gaid}&ifa_raw={idfa}&sub_id={affiliate_sub_id}","1064825671"
"100000610","AirBridge_Galaxy Play-CTA-UA-CPA-ios-VN-rentrack","https://abr.ge/@galaxyplay/rentracks?campaign=Dolemobi_first_time_user&routing_short_id=2vwts3&tracking_template_id=be17d66e2eab733a884509787c82edf8&ad_type=click&user_agent={user_agent}&ip={ip}&click_id={transaction_id}&campaign_id={offer_id}&gaid_raw={gaid}&ifa_raw={idfa}&sub_id={affiliate_sub_id}","1064825671"
"100000623","AirBridge_MTG_Galaxy Play-VTA-UA-CPA-ios-VN-rentrack","https://abr.ge/@galaxyplay/mintegral?campaign=Mintegral_first_time_user&routing_short_id=xtlfhl&tracking_template_id=0d274bdfd1f13f3704c89c8d8bfed105&ad_type=view&user_agent={user_agent}&ip={ip}&click_id={transaction_id}&campaign_id={offer_id}&gaid_raw={gaid}&ifa_raw={idfa}&sub_id={affiliate_sub_id}","1064825671"
"100000624","AirBridge_MTG_Galaxy Play-CTA-UA-CPA-ios-VN-rentrack","https://abr.ge/@galaxyplay/mintegral?campaign=Mintegral_first_time_user&routing_short_id=xtlfhl&tracking_template_id=0d274bdfd1f13f3704c89c8d8bfed105&ad_type=click&user_agent={user_agent}&ip={ip}&click_id={transaction_id}&campaign_id={offer_id}&gaid_raw={gaid}&ifa_raw={idfa}&sub_id={affiliate_sub_id}","1064825671"
"100000625","AirBridge_ACL_Galaxy Play-VTA-UA-CPA-ios-VN-rentrack","https://abr.ge/@galaxyplay/adcolony?campaign=Adcolony_first_time_user&routing_short_id=qyzo0r&tracking_template_id=26b4aef20891cb873558e126252cd063&ad_type=view&user_agent={user_agent}&ip={ip}&click_id={transaction_id}&campaign_id={offer_id}&gaid_raw={gaid}&ifa_raw={idfa}&sub_id={affiliate_sub_id}","1064825671"
"100000626","AirBridge_ACL_Galaxy Play-CTA-UA-CPA-ios-VN-rentrack","https://abr.ge/@galaxyplay/adcolony?campaign=Adcolony_first_time_user&routing_short_id=qyzo0r&tracking_template_id=26b4aef20891cb873558e126252cd063&ad_type=click&user_agent={user_agent}&ip={ip}&click_id={transaction_id}&campaign_id={offer_id}&gaid_raw={gaid}&ifa_raw={idfa}&sub_id={affiliate_sub_id}","1064825671"
"100000627","Taurus_0826-UA-CPA-aos-IN-moca","https://view.adjust.com/impression/1rhlsqsi?campaign=moca&adgroup=21988cross_device_tracking=1&os_name={os}&click_id={transaction_id}&android_id={android_id}&idfv={idfv}&idfa={idfa}&gps_adid={gaid}&ip_address={ip}&rejected_install_callback=http%3A%2F%2F{adjust_domain}%2Fpb%2Flsr%3Ftransaction_id%3D{transaction_id}%26idfa%3D{c_idfa}%26gaid%3D{c_gaid}%26is_rejected%3D1%26block_reason%3D{rejection_reason}%26block_sub_reason%3Dpa&install_callback=http%3A%2F%2F{adjust_domain}%2Fpb%2Flsr%3Ftransaction_id%3D{transaction_id}%26idfa%3D{c_idfa}%26gaid%3D{c_gaid}&event_callback_wbvo7r=http%3A%2F%2F{adjust_domain}%2Fpb%2Fevent_notify%3Ftransaction_id%3D{transaction_id}%26idfa%3D{c_idfa}%26gaid%3D{c_gaid}%26event_name%3Dwbvo7r&event_callback_oim6z4=http%3A%2F%2F{adjust_domain}%2Fpb%2Fevent_notify%3Ftransaction_id%3D{transaction_id}%26idfa%3D{c_idfa}%26gaid%3D{c_gaid}%26event_name%3Doim6z4&is_ctv=yes&is_proxy=yes&test=yes","com.callbreak.fastmatch"
"100000628","AirBridge_UA_Galaxy Play-VTA-UA-CPA-ios-VN-rentrack","https://abr.ge/@galaxyplay/unityads?campaign=Unityads_first_time_user&tracking_template_id=5cded01159f9c22ce07b289c30266948&user_agent={user_agent}&ad_type=view&user_agent={user_agent}&ip={ip}&click_id={transaction_id}&campaign_id={offer_id}&gaid_raw={gaid}&ifa_raw={idfa}&sub_id={affiliate_sub_id}","1064825671"
"100000629","AirBridge_UA_Galaxy Play-CTA-UA-CPA-ios-VN-rentrack","https://abr.ge/@galaxyplay/unityads?campaign=Unityads_first_time_user&tracking_template_id=5cded01159f9c22ce07b289c30266948&user_agent={user_agent}&ad_type=click&user_agent={user_agent}&ip={ip}&click_id={transaction_id}&campaign_id={offer_id}&gaid_raw={gaid}&ifa_raw={idfa}&sub_id={affiliate_sub_id}","1064825671"
"100000630","Moneyman_0826-UA-CPA-aos-RU-top","https://impression.appsflyer.com/ru.moneyman?pid=bidease_int&c=toptraffic_android&af_siteid={{.AppBundle}}&af_ad_type={{.AppsflyerAdType}}&af_sub5=TT16mi&af_ad=TT16mi&af_sub1=Android_TT16mi&af_sub2={click_id}&af_viewthrough_lookback=24h&clickid={{.BidID}}&af_engagement_type={{.AppsflyerEngagementType}}&af_ad_format={{.AppsflyerAdFormat}}&viewability={{.AppsflyerViewability}}&af_ad_tran_id={{.AppsflyerTransactionID}}&is_skoverlay={{IsSKOverlay}}&is_autostore={{.IsAutoStore}}&af_prt=toptraffic","ru.moneyman"
"100000631","Moneyman_0826-UA-CPA-aos-RU-top","https://impression.appsflyer.com/ru.moneyman?pid=xiaomiglobal_int&af_siteid={tagId}&c=toptraffic_android&af_cost_model=CPI&af_adset={siteName}&af_ad=TT17mi&af_channel={channelName}&af_ad_type={adType}&af_sub1=Android_TT17mi&af_sub5=TT17mi&af_sub2={click_id}&af_viewthrough_lookback=24h&clickid={ext}&advertising_id={gaid}&af_prt=toptraffic","ru.moneyman"
"100000632","AirBridge_IS_Galaxy Play-VTA-UA-CPA-ios-VN-rentrack","https://abr.ge/@galaxyplay/ironsource?campaign=ironSource_first_time_user&routing_short_id=bz56t4&tracking_template_id=d9c00e57909c52a8c69cec35c8188a44&ad_type=view&user_agent={user_agent}&ip={ip}&click_id={transaction_id}&campaign_id={offer_id}&gaid_raw={gaid}&ifa_raw={idfa}&sub_id={affiliate_sub_id}","1064825671"
"100000633","AirBridge_IS_Galaxy Play-CTA-UA-CPA-ios-VN-rentrack","https://abr.ge/@galaxyplay/ironsource?campaign=ironSource_first_time_user&routing_short_id=bz56t4&tracking_template_id=d9c00e57909c52a8c69cec35c8188a44&ad_type=click&user_agent={user_agent}&ip={ip}&click_id={transaction_id}&campaign_id={offer_id}&gaid_raw={gaid}&ifa_raw={idfa}&sub_id={affiliate_sub_id}","1064825671"
"100000634","AirBridge_MTG_Galaxy Play-VTA-UA-CPA-ios-VN-rentrack","https://abr.ge/@galaxyplay/mintegral?campaign=Mintegral_first_time_user&routing_short_id=xtlfhl&tracking_template_id=0d274bdfd1f13f3704c89c8d8bfed105&ad_type=view&user_agent={user_agent}&ip={ip}&click_id={transaction_id}&campaign_id={offer_id}&gaid_raw={gaid}&ifa_raw={idfa}&sub_id={affiliate_sub_id}","1064825671"
"100000635","AirBridge_MTG_Galaxy Play-CTA-UA-CPA-ios-VN-rentrack","https://abr.ge/@galaxyplay/mintegral?campaign=Mintegral_first_time_user&routing_short_id=xtlfhl&tracking_template_id=0d274bdfd1f13f3704c89c8d8bfed105&ad_type=click&user_agent={user_agent}&ip={ip}&click_id={transaction_id}&campaign_id={offer_id}&gaid_raw={gaid}&ifa_raw={idfa}&sub_id={affiliate_sub_id}","1064825671"
"100000636","AirBridge_ACL_Galaxy Play-VTA-UA-CPA-ios-VN-rentrack","https://abr.ge/@galaxyplay/adcolony?campaign=Adcolony_first_time_user&routing_short_id=qyzo0r&tracking_template_id=26b4aef20891cb873558e126252cd063&ad_type=view&user_agent={user_agent}&ip={ip}&click_id={transaction_id}&campaign_id={offer_id}&gaid_raw={gaid}&ifa_raw={idfa}&sub_id={affiliate_sub_id}","1064825671"
"100000637","AirBridge_ACL_Galaxy Play-CTA-UA-CPA-ios-VN-rentrack","https://abr.ge/@galaxyplay/adcolony?campaign=Adcolony_first_time_user&routing_short_id=qyzo0r&tracking_template_id=26b4aef20891cb873558e126252cd063&ad_type=click&user_agent={user_agent}&ip={ip}&click_id={transaction_id}&campaign_id={offer_id}&gaid_raw={gaid}&ifa_raw={idfa}&sub_id={affiliate_sub_id}","1064825671"
"100000638","AirBridge_UA_Galaxy Play-VTA-UA-CPA-ios-VN-rentrack","https://abr.ge/@galaxyplay/unityads?campaign=Unityads_first_time_user&tracking_template_id=5cded01159f9c22ce07b289c30266948&user_agent={user_agent}&ad_type=view&user_agent={user_agent}&ip={ip}&click_id={transaction_id}&campaign_id={offer_id}&gaid_raw={gaid}&ifa_raw={idfa}&sub_id={affiliate_sub_id}","1064825671"
"100000639","AirBridge_UA_Galaxy Play-CTA-UA-CPA-ios-VN-rentrack","https://abr.ge/@galaxyplay/unityads?campaign=Unityads_first_time_user&tracking_template_id=5cded01159f9c22ce07b289c30266948&ad_type=click&user_agent={user_agent}&ip={ip}&click_id={transaction_id}&campaign_id={offer_id}&gaid_raw={gaid}&ifa_raw={idfa}&sub_id={affiliate_sub_id}","1064825671"
"100000640","Galaxy Play_0826_CTA-UA-CPA-ios-VN-omega","https://abr.ge/@galaxyplay/omega?ad_group_id={OID}&campaign=GP_OMG_DOL871&campaign_id={AFF_CLICK_ID}&click_id={TID}&gaid_raw={DEVICE_ID}&ifa_raw={S1}&routing_short_id=9y0xsy&sub_id={AFFID}&sub_id_1={SUB_AFFID}&sub_id_2={SOURCE}&sub_id_3={S2}&tracking_template_id=bab3fb04a40d44825659285087404d1c&ad_type=click","1064825671"
"100000641","Galaxy Play_0826_CTA-UA-CPA-ios-VN-","https://abr.ge/@galaxyplay/omega?ad_group_id={OID}&campaign=GP_OMG_DOL871&campaign_id={AFF_CLICK_ID}&click_id={TID}&gaid_raw={DEVICE_ID}&ifa_raw={S1}&routing_short_id=9y0xsy&sub_id={AFFID}&sub_id_1={SUB_AFFID}&sub_id_2={SOURCE}&sub_id_3={S2}&tracking_template_id=bab3fb04a40d44825659285087404d1c&ad_type=click","1064825671"
"100000642","Galaxy Play_0826_CTA-UA-CPA-ios-VN-omega","https://abr.ge/@galaxyplay/omega?ad_group_id={OID}&campaign=GP_OMG_DOL871&campaign_id={AFF_CLICK_ID}&click_id={TID}&gaid_raw={DEVICE_ID}&ifa_raw={S1}&routing_short_id=9y0xsy&sub_id={AFFID}&sub_id_1={SUB_AFFID}&sub_id_2={SOURCE}&sub_id_3={S2}&tracking_template_id=bab3fb04a40d44825659285087404d1c&ad_type=click","1064825671"
"100000643","Galaxy Play_0826_CTA-UA-CPA-ios-VN-omega","https://abr.ge/@galaxyplay/omega?ad_group_id={OID}&campaign=GP_OMG_DOL871&campaign_id={AFF_CLICK_ID}&click_id={TID}&gaid_raw={DEVICE_ID}&ifa_raw={S1}&routing_short_id=9y0xsy&sub_id={AFFID}&sub_id_1={SUB_AFFID}&sub_id_2={SOURCE}&sub_id_3={S2}&tracking_template_id=bab3fb04a40d44825659285087404d1c&ad_type=click","1064825671"
"100000644","Galaxy Play_0826_VTA-UA-CPA-ios-VN-omega","https://abr.ge/@galaxyplay/omega?ad_group_id={OID}&campaign=GP_OMG_DOL871&campaign_id={AFF_CLICK_ID}&click_id={TID}&gaid_raw={DEVICE_ID}&ifa_raw={S1}&routing_short_id=9y0xsy&sub_id={AFFID}&sub_id_1={SUB_AFFID}&sub_id_2={SOURCE}&sub_id_3={S2}&tracking_template_id=bab3fb04a40d44825659285087404d1c&ad_type=view","1064825671"
"100000645","Galaxy Play_0826_VTA-UA-CPA-ios-VN-omega","https://abr.ge/@galaxyplay/omega?ad_group_id={OID}&campaign=GP_OMG_DOL871&campaign_id={AFF_CLICK_ID}&click_id={TID}&gaid_raw={DEVICE_ID}&ifa_raw={S1}&routing_short_id=9y0xsy&sub_id={AFFID}&sub_id_1={SUB_AFFID}&sub_id_2={SOURCE}&sub_id_3={S2}&tracking_template_id=bab3fb04a40d44825659285087404d1c&ad_type=view","1064825671"
"100000646","Galaxy Play_0826_CTA-UA-CPA-ios-VN-bidroid","https://abr.ge/@galaxyplay/bidroid?ad_group=BD_DoleMobi&campaign=bidroid_first_time_user&click_id={clickid}&gaid_raw={sub3}&ifa_raw={sub3}&routing_short_id=vblp1q&sub_id={pid}_{sub2}&tracking_template_id=32640eb5959917a63e0e04911eaa7c72&ad_type=click","1064825671"
"100000647","Galaxy Play_0826_CTA-UA-CPA-ios-VN-bidroid","https://abr.ge/@galaxyplay/bidroid?ad_group=BD_DoleMobi&campaign=bidroid_first_time_user&click_id={clickid}&gaid_raw={sub3}&ifa_raw={sub3}&routing_short_id=vblp1q&sub_id={pid}_{sub2}&tracking_template_id=32640eb5959917a63e0e04911eaa7c72&ad_type=click","1064825671"
"100000648","Galaxy Play_0826_CTA-UA-CPA-ios-VN-bidroid","https://abr.ge/@galaxyplay/bidroid?ad_group=BD_DoleMobi&campaign=bidroid_first_time_user&click_id={clickid}&gaid_raw={sub3}&ifa_raw={sub3}&routing_short_id=vblp1q&sub_id={pid}_{sub2}&tracking_template_id=32640eb5959917a63e0e04911eaa7c72&ad_type=click","1064825671"
